<Partitions>
    <Partition id="miscdata" size="5"/>
    <Partition id="misc" size="1"/>
    <Partition id="nr_fixnv1" size="8"/>
    <Partition id="nr_fixnv2" size="8"/>
    <Partition id="prodnv" size="10"/>
    <Partition id="nr_runtimenv1" size="10"/>
    <Partition id="nr_runtimenv2" size="10"/>
    <Partition id="recovery" size="40"/>
    <Partition id="trustos" size="6"/>
    <Partition id="trustos_bak" size="6"/>
    <Partition id="sml" size="1"/>
    <Partition id="sml_bak" size="1"/>
    <Partition id="uboot" size="1"/>
    <Partition id="uboot_bak" size="1"/>
    <Partition id="uboot_log" size="4"/>
    <Partition id="logo" size="7"/>
    <Partition id="fbootlogo" size="7"/>
    <Partition id="lowbatterylogo" size="7"/>
    <Partition id="l_pmsys" size="1"/>
    <Partition id="l_agdsp" size="6"/>
    <Partition id="gnssmodem" size="1"/>
    <Partition id="wcnmodem" size="10"/>
    <Partition id="persist" size="2"/>
    <Partition id="nr_spl" size="1"/>
    <Partition id="nr_sml" size="1"/>
    <Partition id="nr_uboot" size="1"/>
    <Partition id="nr_boot" size="35"/>
    <Partition id="nr_pmsys" size="1"/>
    <Partition id="nr_agdsp" size="6"/>
    <Partition id="nr_modem" size="40"/>
    <Partition id="nr_v3phy" size="8"/>
    <Partition id="nr_nrphy" size="8"/>
    <Partition id="nr_nrdsp1" size="5"/>
    <Partition id="nr_nrdsp2" size="5"/>
    <Partition id="nr_deltanv" size="2"/>
    <Partition id="boot" size="35"/>
    <Partition id="dtb" size="8"/>
    <Partition id="dtbo" size="8"/>
    <Partition id="system" size="10240"/>
    <Partition id="cache" size="10240"/>
    <Partition id="vendor" size="512"/>
    <Partition id="product" size="512"/>
    <Partition id="vbmeta" size="1"/>
    <Partition id="vbmeta_bak" size="1"/>
    <Partition id="sysdumpdb" size="10"/>
    <Partition id="userdata" size="0xffffffff"/>
</Partitions>